{
    "range_of_pattern": [
        {
            "product_id": "2102748",
            "image": "https://image.shutterstock.com/image-photo/natural-stone-concrete-podium-green-260nw-2156212789.jpg",
            "name": "ABSTRACT PRINTS"
        },
        {
            "product_id": "2104079",
            "image": "https://i.pinimg.com/564x/66/54/1c/66541c2f54167b806edcec2f2405b678.jpg",
            "name": "BABY BEDDING"
        },
        {
            "product_id": "2102809",
            "image": "https://i.pinimg.com/originals/70/e8/95/70e8957ec64793bcf30f0666c7c0b96e.jpg",
            "name": "Simple And Great Geometrical Form"
        },
        {
            "product_id": "2101108",
            "image": "https://i.pinimg.com/1200x/0e/89/37/0e8937e6a2aa4d547fc62d5aa218d1dd.jpg",
            "name": "ANIMAL PRINTS"
        },
        {
            "product_id": "2102614",
            "image": "https://i.pinimg.com/736x/e5/33/b9/e533b920a6e3befdb902ef7f62c9f30b.jpg",
            "name": "BATIK PRINTS"
        },
        {
            "product_id": "2103939",
            "image": "https://i.pinimg.com/564x/66/54/1c/66541c2f54167b806edcec2f2405b678.jpg",
            "name": "Colorful And Amazing Texture Navratri Print"
        },
        {
            "product_id": "2104425",
            "image": "https://i.pinimg.com/originals/70/e8/95/70e8957ec64793bcf30f0666c7c0b96e.jpg",
            "name": "Circular Shaped Print With Colorful Theme 56"
        },
        {
            "product_id": "2104439",
            "image": "https://i.pinimg.com/736x/e5/33/b9/e533b920a6e3befdb902ef7f62c9f30b.jpg",
            "name": "Traditional And Cultural Kalamkari Theme"
        },
        {
            "product_id": "2104195",
            "image": "https://i.pinimg.com/474x/13/b8/f4/13b8f44f52693d4d4b1235e9191bdd1e.jpg",
            "name": "Flower With Dragonflies Print"
        },
        {
            "product_id": "2102795",
            "image": "https://www.91-cdn.com/hub/wp-content/uploads/2022/07/Top-laptop-brands-in-India.jpg",
            "name": "Gorgeous And Colorful Geometrical Theme"
        }
    ],
    "design_occasion": [
        {
            "product_id": "2101438",
            "name": "Seamless Floral Print",
            "image": "https://encrypted-tbn0.gstatic.com/images?q=tbn:ANd9GcRLmtSo_YvfaNkoYTUvDNrTMyqUeo8pYF80kg&usqp=CAU",
            "sub_name": "Collection",
            "cta": "+ Explore"
        },
        {
            "product_id": "2100265",
            "name": "Geometrical Multicolor Vibrant Print",
            "image": "https://i.pinimg.com/564x/66/54/1c/66541c2f54167b806edcec2f2405b678.jpg",
            "sub_name": "Category",
            "cta": "+ Buy"
        },
        {
            "product_id": "2101518",
            "name": "Red and Dark Brown Animal Kalamkari Pattern",
            "image": "https://i.pinimg.com/originals/70/e8/95/70e8957ec64793bcf30f0666c7c0b96e.jpg",
            "sub_name": "Range",
            "cta": "+ Add"
        },
        {
            "product_id": "2101492",
            "name": "Pretty Floral Pattern",
            "image": "https://i.pinimg.com/474x/13/b8/f4/13b8f44f52693d4d4b1235e9191bdd1e.jpg",
            "sub_name": "Collection",
            "cta": "+ Go"
        },
        {
            "product_id": "2101093",
            "name": "Multicolor Ethnic Wear Marble Print",
            "image": "https://www.91-cdn.com/hub/wp-content/uploads/2022/07/Top-laptop-brands-in-India.jpg",
            "sub_name": "Range",
            "cta": "+ Explore"
        },
        {
            "product_id": "2100266",
            "name": "Geometrical Multicolor Vibrant Print",
            "image": "https://encrypted-tbn0.gstatic.com/images?q=tbn:ANd9GcRv-_S_ghKBjxWR51Lt6ZJNxO8EyRqEo2NXAQ&usqp=CAU",
            "sub_name": "Category",
            "cta": "+ Nice"
        },
        {
            "product_id": "2101284",
            "name": "Ancient Ethnic Print",
            "image": "https://i.pinimg.com/originals/70/e8/95/70e8957ec64793bcf30f0666c7c0b96e.jpg",
            "sub_name": "Collection",
            "cta": "+ Show"
        },
        {
            "product_id": "2101094",
            "name": "Multicolor Ethnic Wear Marble Print",
            "image": "https://i.pinimg.com/1200x/0e/89/37/0e8937e6a2aa4d547fc62d5aa218d1dd.jpg",
            "sub_name": "Range",
            "cta": "+ Buy"
        }
    ],
    "status": "18",
    "message": "Successfully retrieved"
}