{
    "categories": [
        {
            "category_id": "1",
            "category_name": "Festivals",
            "parent_id": "1",
            "child": [
                {"category_id": "5", "category_name": "Diwali", "parent_id": "1"},
                {"category_id": "6", "category_name": "Holi", "parent_id": "1"},
                {"category_id": "8", "category_name": "Navratri", "parent_id": "1"},
                {
                    "category_id": "10",
                    "category_name": "Janmashtmi",
                    "parent_id": "1"
                },
                {
                    "category_id": "11",
                    "category_name": "Ganesh Chaturthi",
                    "parent_id": "1"
                },
                {
                    "category_id": "14",
                    "category_name": "Eid UI Fitr",
                    "parent_id": "1"
                },
                {
                    "category_id": "13",
                    "category_name": "Rakshabandhan",
                    "parent_id": "1"
                },
                {
                    "category_id": "19",
                    "category_name": "Christmas",
                    "parent_id": "1"
                },
                {
                    "category_id": "22",
                    "category_name": "Makar Sankranti",
                    "parent_id": "1"
                },
                {
                    "category_id": "23",
                    "category_name": "Maha Shivratri",
                    "parent_id": "1"
                }
            ]
        },
        {
            "category_id": "2",
            "category_name": "Family Functions",
            "parent_id": "2",
            "child": [
                {"category_id": "24", "category_name": "Wedding", "parent_id": "2"},
                {
                    "category_id": "26",
                    "category_name": "Birthday",
                    "parent_id": "2"
                },
                {
                    "category_id": "27",
                    "category_name": "Baby Shower",
                    "parent_id": "2"
                },
                {
                    "category_id": "28",
                    "category_name": "Anniversary",
                    "parent_id": "2"
                }
            ]
        },
        {
            "category_id": "3",
            "category_name": "Tours & Outings",
            "parent_id": "3",
            "child": [
                {
                    "category_id": "30",
                    "category_name": "Holidays",
                    "parent_id": "3"
                },
                {
                    "category_id": "32",
                    "category_name": "Tirth Yatra",
                    "parent_id": "3"
                },
                {
                    "category_id": "33",
                    "category_name": "Pre-Wedding Shoot",
                    "parent_id": "3"
                },
                {
                    "category_id": "34",
                    "category_name": "Honeymoon",
                    "parent_id": "3"
                }
            ]
        },
        {
            "category_id": "4",
            "category_name": "Other Occasions",
            "parent_id": "4",
            "child": [
                {"category_id": "35", "category_name": "Party", "parent_id": "4"},
                {
                    "category_id": "38",
                    "category_name": "Fest & Days",
                    "parent_id": "4"
                }
            ]
        }
    ],
    "banner_image": "https://www.91-cdn.com/hub/wp-content/uploads/2022/07/Top-laptop-brands-in-India.jpg",
    "status": "18",
    "message": "Successfully retrieved"
}