{
    "shop_by_category": [
        {
            "category_id": "1",
            "name": "Amazing Ajrak",
            "tint_color": "#ffb3b3",
            "image": "https://images.pexels.com/photos/443696/pexels-photo-443696.jpeg?auto=compress&cs=tinysrgb&w=600",
            "sort_order": "1"
        },
        {
            "category_id": "21",
            "name": "Exiting Embroidery",
            "tint_color": "#ccffcc",
            "image": "https://images.pexels.com/photos/2113566/pexels-photo-2113566.jpeg?auto=compress&cs=tinysrgb&w=600",
            "sort_order": "4"
        },
        {
            "category_id": "13",
            "name": "Beautiful Banarasi",
            "tint_color": "#ccffcc",
            "image": "https://images.pexels.com/photos/326055/pexels-photo-326055.jpeg?auto=compress&cs=tinysrgb&w=1260&h=750&dpr=1",
            "sort_order": "2"
        },
        {
            "category_id": "103",
            "name": "Iconic Ikat",
            "tint_color": "#ffb3b3",
            "image": "https://images.pexels.com/photos/247431/pexels-photo-247431.jpeg?auto=compress&cs=tinysrgb&w=600",
            "sort_order": "5"
        },
        {
            "category_id": "601",
            "name": "Dazzling Digital Print",
            "tint_color": "#ffb3b3",
            "image": "https://images.pexels.com/photos/85773/pexels-photo-85773.jpeg?auto=compress&cs=tinysrgb&w=1260&h=750&dpr=1",
            "sort_order": "3"
        },
        {
            "category_id": "29",
            "name": "Kingly Kala",
            "tint_color": "#ccccff",
            "image": "https://images.pexels.com/photos/53957/striped-core-butterflies-butterfly-brown-53957.jpeg?auto=compress&cs=tinysrgb&w=600",
            "sort_order": "6"
        }
    ],
    "shop_by_fabric": [
        {
            "fabric_id": "1",
            "name": "Cotton",
            "tint_color": "#ffb3b3",
            "image": "https://images.pexels.com/photos/33545/sunrise-phu-quoc-island-ocean.jpg?auto=compress&cs=tinysrgb&w=400",
            "sort_order": "11"
        },
        {
            "fabric_id": "2",
            "name": "Rayon",
            "tint_color": "#ccffcc",
            "image": "https://images.pexels.com/photos/2832034/pexels-photo-2832034.jpeg?auto=compress&cs=tinysrgb&w=600",
            "sort_order": "41"
        },
        {
            "fabric_id": "3",
            "name": "Mustak",
            "tint_color": "#ccffcc",
            "image": "https://images.pexels.com/photos/1198802/pexels-photo-1198802.jpeg?auto=compress&cs=tinysrgb&w=600",
            "sort_order": "28"
        },
        {
            "fabric_id": "4",
            "name": "Crepe Silk",
            "tint_color": "#ffb3b3",
            "image": "https://images.pexels.com/photos/158617/swallow-tail-butterfly-insect-black-158617.jpeg?auto=compress&cs=tinysrgb&w=600",
            "sort_order": "5"
        },
        {
            "fabric_id": "601",
            "name": "Japan Satin",
            "tint_color": "#ffb3b3",
            "image": "https://images.pexels.com/photos/1062249/pexels-photo-1062249.jpeg?auto=compress&cs=tinysrgb&w=600",
            "sort_order": "13"
        },
        {
            "fabric_id": "29",
            "name": "Mosiac Satin",
            "tint_color": "#ccccff",
            "image": "https://images.pexels.com/photos/1062249/pexels-photo-1062249.jpeg?auto=compress&cs=tinysrgb&w=600",
            "sort_order": "6"
        }
    ],
    "Unstitched": [
        {
            "range_id": "1",
            "name": "Women",
            "description": "This is a short description about women",
            "image": "https://images.pexels.com/photos/67857/daisy-flower-spring-marguerite-67857.jpeg?auto=compress&cs=tinysrgb&w=600"
        },
        {
            "range_id": "2",
            "name": "Men",
            "description": "This is a short description about men",
            "image": "https://images.pexels.com/photos/443696/pexels-photo-443696.jpeg?auto=compress&cs=tinysrgb&w=600"
        },
        {
            "range_id": "3",
            "name": "Kids",
            "description": "This is a short description about kids",
            "image": "https://images.pexels.com/photos/67857/daisy-flower-spring-marguerite-67857.jpeg?auto=compress&cs=tinysrgb&w=600"
        },
        {
            "range_id": "4",
            "name": "Furnishing",
            "description": "This is a short description about furnishing",
            "image": "https://images.pexels.com/photos/1062249/pexels-photo-1062249.jpeg?auto=compress&cs=tinysrgb&w=600"
        }
    ],
    "boutique_collection": [
        {
            "banner_image": "https://images.pexels.com/photos/1062249/pexels-photo-1062249.jpeg?auto=compress&cs=tinysrgb&w=600",
            "name": "Handpicked for Fashion Designer",
            "cta": "+ EXPLORE",
            "banner_id": "1"
        },
        {
            "banner_image": "https://images.pexels.com/photos/158617/swallow-tail-butterfly-insect-black-158617.jpeg?auto=compress&cs=tinysrgb&w=600",
            "name": "Handpicked for You",
            "cta": "+ ClICK HERE",
            "banner_id": "0"
        },
        {
            "banner_image": "https://images.pexels.com/photos/1198802/pexels-photo-1198802.jpeg?auto=compress&cs=tinysrgb&w=600",
            "name": "Handpicked for Women",
            "cta": "+ SHOP",
            "banner_id": "0"
        }
    ],
    "status": "14",
    "message": "Successfully retrieved"
}