{
    "main_sticky_menu": [
        {
            "title": "Menu 1",
            "image": "https://i.pinimg.com/564x/66/54/1c/66541c2f54167b806edcec2f2405b678.jpg",
            "sort_order": "1",
            "slider_images": [
                {
                    "title": "All Designs Menu 1",
                    "image": "https://i.pinimg.com/originals/70/e8/95/70e8957ec64793bcf30f0666c7c0b96e.jpg",
                    "sort_order": "1",
                    "cta": "+ Explore 1"
                },
                {
                    "title": "Not all fashion comes at a heavy price",
                    "image": "https://i.pinimg.com/1200x/0e/89/37/0e8937e6a2aa4d547fc62d5aa218d1dd.jpg",
                    "sort_order": "2",
                    "cta": "+ Explore 2"
                },
                {
                    "title": "Floral Designs Menu 1",
                    "image": "https://i.pinimg.com/474x/13/b8/f4/13b8f44f52693d4d4b1235e9191bdd1e.jpg",
                    "sort_order": "3",
                    "cta": "+ Explore 3"
                },
                {
                    "title": "Something Menu 1",
                    "image": "https://www.91-cdn.com/hub/wp-content/uploads/2022/07/Top-laptop-brands-in-India.jpg",
                    "sort_order": "4",
                    "cta": "+ Explore 4"
                }
            ]
        },
        {
            "title": "Boutique Collection",
            "image": "https://encrypted-tbn0.gstatic.com/images?q=tbn:ANd9GcRLmtSo_YvfaNkoYTUvDNrTMyqUeo8pYF80kg&usqp=CAU",
            "sort_order": "4",
            "slider_images": [
                {
                    "title": "All Designs Menu 4",
                    "image": "https://encrypted-tbn0.gstatic.com/images?q=tbn:ANd9GcRv-_S_ghKBjxWR51Lt6ZJNxO8EyRqEo2NXAQ&usqp=CAU",
                    "sort_order": "3",
                    "cta": "+ Buy 3"
                },
                {
                    "title": "Not all fashion comes at a heavy price",
                    "image": "https://i.pinimg.com/474x/13/b8/f4/13b8f44f52693d4d4b1235e9191bdd1e.jpg",
                    "sort_order": "2",
                    "cta": "+ Buy 2"
                },
                {
                    "title": "Floral Designs Menu 4",
                    "image": "https://i.pinimg.com/1200x/0e/89/37/0e8937e6a2aa4d547fc62d5aa218d1dd.jpg",
                    "sort_order": "4",
                    "cta": "+ Buy 4"
                },
                {
                    "title": "Something Menu 4",
                    "image": "https://i.pinimg.com/originals/70/e8/95/70e8957ec64793bcf30f0666c7c0b96e.jpg",
                    "sort_order": "1",
                    "cta": "+ Buy 1"
                }
            ]
        },
        {
            "title": "Fabrics",
            "image": "https://i.pinimg.com/564x/66/54/1c/66541c2f54167b806edcec2f2405b678.jpg",
            "sort_order": "2",
            "slider_images": [
                {
                    "title": "All Designs Menu 2",
                    "image": "https://encrypted-tbn0.gstatic.com/images?q=tbn:ANd9GcRLmtSo_YvfaNkoYTUvDNrTMyqUeo8pYF80kg&usqp=CAU",
                    "sort_order": "1",
                    "cta": "+ Add 1"
                },
                {
                    "title": "Not all fashion comes at a heavy price",
                    "image": "https://i.pinimg.com/originals/70/e8/95/70e8957ec64793bcf30f0666c7c0b96e.jpg",
                    "sort_order": "2",
                    "cta": "+ Add 2"
                },
                {
                    "title": "Floral Designs Menu 2",
                    "image": "https://i.pinimg.com/564x/66/54/1c/66541c2f54167b806edcec2f2405b678.jpg",
                    "sort_order": "4",
                    "cta": "+ Add 4"
                },
                {
                    "title": "Something Menu 2",
                    "image": "https://i.pinimg.com/474x/13/b8/f4/13b8f44f52693d4d4b1235e9191bdd1e.jpg",
                    "sort_order": "3",
                    "cta": "+ Add 3"
                }
            ]
        },
        {
            "title": "Curate Your Design",
            "image": "https://encrypted-tbn0.gstatic.com/images?q=tbn:ANd9GcRLmtSo_YvfaNkoYTUvDNrTMyqUeo8pYF80kg&usqp=CAU",
            "sort_order": "3",
            "slider_images": [
                {
                    "title": "All Designs Menu 3",
                    "image": "https://i.pinimg.com/564x/66/54/1c/66541c2f54167b806edcec2f2405b678.jpg",
                    "sort_order": "4",
                    "cta": "+ Shop 4"
                },
                {
                    "title": "Not all fashion comes at a heavy price Menu 3",
                    "image": "https://i.pinimg.com/originals/70/e8/95/70e8957ec64793bcf30f0666c7c0b96e.jpg",
                    "sort_order": "2",
                    "cta": "+ Shop 2"
                },
                {
                    "title": "Floral Designs Menu 3",
                    "image": "https://i.pinimg.com/736x/e5/33/b9/e533b920a6e3befdb902ef7f62c9f30b.jpg",
                    "sort_order": "1",
                    "cta": "+ Shop 1"
                },
                {
                    "title": "Something Menu 3",
                    "image": "https://www.91-cdn.com/hub/wp-content/uploads/2022/07/Top-laptop-brands-in-India.jpg",
                    "sort_order": "3",
                    "cta": "+ Shop 3"
                }
            ]
        }
    ],
    "status": "18",
    "message": "Successfully retrieved"
}